{"movies":[{"id_movie":"1","titulo":"X-MEN","anio":"2000","puntaje":"6.5","duracion":"104","genero":"Accion\/Ciencia Ficcion","descripcion":"El profesor Xavier lidera a Wolverine y otros superh\u00e9roes contra Magneto, un mutante que dominar\u00e1 a la humanidad.","imagen":"https:\/\/encrypted-tbn1.gstatic.com\/images?q=tbn:ANd9GcTW9vPlQrh1oqgltle82NU4pdugEGfo2yL2axMQmNusHloeDP1b"},{"id_movie":"2","titulo":"X-MEN 2","anio":"2003","puntaje":"7.4","duracion":"132","genero":"fantasia","descripcion":"Un mutante desconocido se introduce en la Casa Blanca e intenta asesinar al presidente sin \u00e9xito. Charles Xavier y el resto de mutantes tratar\u00e1n de capturar al magnicida fallido","imagen":"https:\/\/vignette.wikia.nocookie.net\/xmen9260\/images\/d\/d1\/X-Men_2.jpg\/revision\/latest?cb=20170223150900&path-prefix=es"},{"id_movie":"3","titulo":"X-Men III - La batalla Final","anio":"2006","puntaje":"6.7","duracion":"108","genero":"accion","descripcion":"El descubrimiento de una cura para las mutaciones divide la situaci\u00f3n en dos bandos. Los mutantes pueden elegir abandonar sus poderes y convertirse totalmente en humanos o continuar con sus habilidades y seguir aislados. Una guerra entre los seguidor","imagen":"https:\/\/encrypted-tbn3.gstatic.com\/images?q=tbn:ANd9GcRO_AOo86XPZrjGTAgX-7Jnz5y6tH3cNX6-pt3Xd04sD6Zkoq4o"},{"id_movie":"4","titulo":"X-Men Or\u00edgenes: Wolverine\r\n","anio":"2009","puntaje":"6.6","duracion":"120","genero":"Acci\u00f3n\/Aventura ","descripcion":"Buscando consuelo de su oscuro pasado Logan, m\u00e1s conocido como Wolverine, parece haber encontrado el amor y la alegr\u00eda con Kayla Silverfox pero todo cambia cuando ella es asesinada.","imagen":"https:\/\/i.pinimg.com\/originals\/87\/51\/e1\/8751e13ccc07cf538ce5a1e94a5c3473.jpg"},{"id_movie":"5","titulo":"X-Men: primera generaci\u00f3n","anio":"2011","puntaje":"6.8","duracion":"132","genero":"Acci\u00f3n\/Ciencia ficci\u00f3n","descripcion":"A principios de los a\u00f1os 60, Charles Xavier y Magneto se convierten en grandes amigos. Usando sus poderes, se unen para proteger al mundo de una guerra nuclear.","imagen":"https:\/\/encrypted-tbn2.gstatic.com\/images?q=tbn:ANd9GcS8RduB1InjRmhLthupqByGBWPA_XTKHOzRyyuCNb_2lF2OxfMw"},{"id_movie":"6","titulo":"X-Men: D\u00edas del futuro pasado\r\n","anio":"2014","puntaje":"6.9","duracion":"151","genero":"Acci\u00f3n\/Ciencia ficci\u00f3n","descripcion":"Los X-Men unen fuerzas con sus versiones m\u00e1s j\u00f3venes con el fin de cambiar el pasado y salvar su futuro y el de la humanidad.","imagen":"https:\/\/encrypted-tbn2.gstatic.com\/images?q=tbn:ANd9GcTvoqkmbzJlG1zYnal137C5NAmueaNzzuqWZECfjZ4WQMCHIEeD"},{"id_movie":"7","titulo":"Wolverine: inmortal","anio":"2013","puntaje":"138","duracion":"5","genero":"Acci\u00f3n\/Ciencia ficci\u00f3n","descripcion":"En Jap\u00f3n y vulnerable por primera vez, Wolverine se enfrenta a un samur\u00e1i letal de acero y su interior lucha contra su propia inmortalidad.","imagen":"https:\/\/encrypted-tbn1.gstatic.com\/images?q=tbn:ANd9GcS5xLVe6rATLuXP8g74EZPzhPdcgfzyb7OT0W5QFu1hIhV-lvOu"},{"id_movie":"8","titulo":"X-Men: Apocalipsis","anio":"2016","puntaje":"6","duracion":"147","genero":"fantasia","descripcion":"Apocalipsis el mutante m\u00e1s poderoso, despierta tras miles de a\u00f1os de letargo y pretende destruir a toda la humanidad. Para lograrlo, recluta a un equipo de peligrosos mutantes, encabezados por Magneto. S\u00f3lo un grupo de j\u00f3venes mutantes, dirigidos po","imagen":"https:\/\/encrypted-tbn3.gstatic.com\/images?q=tbn:ANd9GcQ6e391y0ipODgRe7jMwv8rPDs4tc8JPebKPRZx6vcZBdY-XDKF"},{"id_movie":"9","titulo":"X-Men: Dark Phoenix","anio":"2019","puntaje":"5.1","duracion":"115","genero":"Acci\u00f3n\/Ciencia ficci\u00f3n","descripcion":"Los X-Men se enfrentan a su enemigo m\u00e1s poderoso: uno de sus miembros, Jean Grey. Durante una misi\u00f3n de rescate en el espacio, Jean casi muere al ser alcanzada por una misteriosa fuerza c\u00f3smica. Cuando regresa a casa, esa radiaci\u00f3n la ha hecho m\u00e1s po","imagen":"https:\/\/encrypted-tbn2.gstatic.com\/images?q=tbn:ANd9GcR61bDkZOuC8-aIwZa7PYItzOxZi-m9d3Hl1o4tnhBes5dj7yx7"},{"id_movie":"10","titulo":"Logan","anio":"2017","puntaje":"7.4","duracion":"141","genero":"Acci\u00f3n\/Ciencia ficci\u00f3n","descripcion":"Han pasado los a\u00f1os y los mutantes est\u00e1n en declive. Logan, d\u00e9bil y cansado, vive alejado de todos hasta que acepta una \u00faltima misi\u00f3n de Charles Xavier: la de proteger a una joven especial, de nombre Laura Kinney pero conocida como X-23, la \u00faltima es","imagen":"https:\/\/encrypted-tbn2.gstatic.com\/images?q=tbn:ANd9GcSeHitRWl8O51AD6-6xMiiXZKY0j8aHiP3DPkOss6cZsJdwa9h6"},{"id_movie":"11","titulo":"Deadpool","anio":"2016","puntaje":"6.8","duracion":"119","genero":"Acci\u00f3n\/Comedia ","descripcion":"Un ex mercenario quien, tras haber sido sometido a un cruel experimento, adquiere el superpoder de sanar r\u00e1pidamente y pretende vengarse del hombre que destroz\u00f3 su vida.","imagen":"https:\/\/encrypted-tbn3.gstatic.com\/images?q=tbn:ANd9GcQ7tH_XGgGCyfaujXrjUMlw_UQeF4tUXZ2GdM4WbYxcRDoXVZ-f"},{"id_movie":"12","titulo":"Deadpool 2","anio":"2018","puntaje":"7.7","duracion":"134","genero":"accion","descripcion":"Deadpool debe proteger a Russell, un adolescente mutante, de Cable, un soldado del futuro gen\u00e9ticamente modificado. Deadpool se al\u00eda con otros superh\u00e9roes para poder derrotar al poderoso Cable.","imagen":"https:\/\/encrypted-tbn1.gstatic.com\/images?q=tbn:ANd9GcRkfTX9AfA_ztkMsrY4mmFBa7SbeR98NjU0uLiiiaMfhmKK8lsa"},{"id_movie":"13","titulo":"Spider-Man","anio":"2002","puntaje":"7.3","duracion":"121","genero":"Acci\u00f3n\/Aventura","descripcion":"Un t\u00edmido estudiante se vuelve en un luchador contra el crimen, desde que la picadura de una ara\u00f1a mutante le da poderes extraordinarios.","imagen":"https:\/\/encrypted-tbn2.gstatic.com\/images?q=tbn:ANd9GcTOox1R4aWo6xAdhvEMwK2UDy40rgBp5WzZ9-VnMkjyThAjV5G4"},{"id_movie":"14","titulo":"Spider-Man 2","anio":"2004","puntaje":"7.3","duracion":"135","genero":"Acci\u00f3n\/Aventura","descripcion":"El atormentado Peter Parker lucha contra un cient\u00edfico siniestro que usa sus tent\u00e1culos mec\u00e1nicos con fines destructivos.","imagen":"https:\/\/encrypted-tbn3.gstatic.com\/images?q=tbn:ANd9GcQy6KUcWyJB0yL6-ML2qojIbh-N3MqeMywbWZlDGW7FbwK4lsLx"},{"id_movie":"15","titulo":"Spider-Man 3","anio":"2007","puntaje":"5.4","duracion":"156","genero":"Acci\u00f3n\/Aventura","descripcion":"Peter Parker sufre una terrible transformaci\u00f3n cuando su traje de Hombre Ara\u00f1a se vuelve negro y libera una personalidad oscura y vengativa.","imagen":"https:\/\/encrypted-tbn0.gstatic.com\/images?q=tbn:ANd9GcT0J9Xz6u56J3GiAFeqnWvaQxgf8zmVK0Bz0dO6L1Gph80qZnIq"},{"id_movie":"16","titulo":"Venom","anio":"2018","puntaje":"7.3","duracion":"140","genero":"Acci\u00f3n\/Ciencia ficci\u00f3n","descripcion":"El periodista Eddie Brock est\u00e1 investigando a Carlton Drake, el c\u00e9lebre fundador de Life Foundation. Brock establece una simbiosis con un ente alien\u00edgena que le ofrece superpoderes, pero el ser se apodera de su personalidad y lo vuelve perverso.","imagen":"https:\/\/encrypted-tbn3.gstatic.com\/images?q=tbn:ANd9GcTZaRa4lpAjxe-1MyN3Sy4ASnfnnkNzbtybyr-h3UGakUj-KYjy"},{"id_movie":"17","titulo":"Pesadilla en la calle del infierno","anio":"1984","puntaje":"6.6","duracion":"101","genero":"Terror","descripcion":"Un grupo de adolescentes sufre unas pesadillas horrendas en las que un ser deforme que porta garras de acero los persigue. Lo m\u00e1s inquietante es que los hechos empiezan a sugerir que lo que ocurre mientras sue\u00f1an repercute en la vida real.","imagen":"https:\/\/encrypted-tbn2.gstatic.com\/images?q=tbn:ANd9GcTwsuD7q3UwaXkqrf1BQAHlURN1eWno96QSwFJ_2V68JzpXIRga"},{"id_movie":"18","titulo":"Pesadilla en Elm Street 3: Dream Warriors","anio":"1987","puntaje":"6.6","duracion":"96","genero":"Terror","descripcion":"J\u00f3venes que comparten pesadillas similares en una instituci\u00f3n se unen para librarse de la influencia de Freddy Krueger.","imagen":"https:\/\/encrypted-tbn0.gstatic.com\/images?q=tbn:ANd9GcRVCimEGGgUtS1kD4b1tU_fOgjgF0U8BGqqWqly0nfgv5su7X17"},{"id_movie":"19","titulo":"Pesadilla en Elm Street 4: The Dream Master","anio":"1988","puntaje":"5.7","duracion":"159","genero":"Terror","descripcion":"Una adolescente usa el poder de sus amigos difuntos para terminar con el reinado de terror de Freddy Krueger.","imagen":"https:\/\/encrypted-tbn0.gstatic.com\/images?q=tbn:ANd9GcS37qhHyoeu_Oge0UVEsnv3KV7JP3wLj3Dy7JeulEFDXC-rLVDA"},{"id_movie":"20","titulo":"Freddy vs. Jason","anio":"2003","puntaje":"5.7","duracion":"98","genero":"Terror","descripcion":"Unos adolescentes quedan atrapados en medio de la batalla entre Freddy Krueger y el asesino enmascarado Jason.","imagen":"https:\/\/encrypted-tbn2.gstatic.com\/images?q=tbn:ANd9GcRlQqm2YUCdxP63Ww2q3jDfjeoqZlskzictKcJQ7mbXlZXvziLr"},{"id_movie":"22","titulo":"Mulan\r\n","anio":"1998","puntaje":"7.6","duracion":"86","genero":"Animaci\u00f3n","descripcion":"El ej\u00e9rcito de los Hunos, encabezado por el malvado Shun Yiu, quiere conquistar China. El emperador, para imped\u00edrselo, ha mandado a filas a todos los varones con el fin de proteger el imperio. Por otra parte, Mul\u00e1n es una chica joven y valiente que v","imagen":"https:\/\/encrypted-tbn1.gstatic.com\/images?q=tbn:ANd9GcRooYm0BOo70nQWVFnY-QpAyU4u7lt7wboWqR7bry-t0cTceyfM"},{"id_movie":"24","titulo":"Pocahontas\r\n","anio":"1995","puntaje":"7.7","duracion":"86","genero":"Animaci\u00f3n","descripcion":"Pocahontas es la hija de Powhatan, el jefe de una tribu india de Am\u00e9rica del Norte. Un d\u00eda observa la llegada de un grupo de colones ingleses, encabezados por el ambicioso gobernador Radcliff y el valiente capit\u00e1n John Smith. Acompa\u00f1ada de sus compa\u00f1","imagen":"https:\/\/encrypted-tbn1.gstatic.com\/images?q=tbn:ANd9GcTK1JI-NyXU4fM4pUjHumTAa4klkwN6DCjvKHAPlooJsa3fMJAZ"},{"id_movie":"25","titulo":"Aladd\u00edn","anio":"1992","puntaje":"7.4","duracion":"85","genero":"Animaci\u00f3n","descripcion":"En Bagdad, un ladr\u00f3n \u00e1rabe halla una l\u00e1mpara m\u00e1gica y trata de ganar el amor de una princesa con la ayuda de los deseos concedidos por un genio.","imagen":"https:\/\/encrypted-tbn2.gstatic.com\/images?q=tbn:ANd9GcSLJfyLL9_3p3S8SSgLr8KFLfP0Z8o40ejGkHp8az08pTTUegMH"},{"id_movie":"31","titulo":"The Little Mermaid","anio":"2018","puntaje":"8.5","duracion":"160","genero":"fantasia","descripcion":"skk","imagen":"data:image\/jpeg;base64,\/9j\/4AAQSkZJRgABAQAAAQABAAD\/2wCEAAkGBwgHBgkIBwgKCgkLDRYPDQwMDRsUFRAWIB0iIiAdHx8kKDQsJCYxJx8fLT0tMTU3Ojo6Iys\/RD84QzQ5OjcBCgoKDQwNGg8PGjclHyU3Nzc3Nzc3Nzc3Nzc3Nzc3Nzc3Nzc3Nzc3Nzc3Nzc3Nzc3Nzc3Nzc3Nzc3Nzc3Nzc3N\/\/AABEIAKAAawMBIgACEQE"},{"id_movie":"32","titulo":"JAJAJ","anio":"0","puntaje":"122","duracion":"74","genero":"JSJS","descripcion":"AKKAKA","imagen":"JXXXKZZ"}]}